weekday,month,year,is_holiday,is_closed,weekend,wind,clouds,rain,sunshine,temperature,calamari,fish,shrimp,chicken,koefte,lamb,steak
FRI,OCT,2013,0,0,0,1.9,7.7,0.1,150,15.9,6,6,12,40,23,50,36
SAT,OCT,2013,0,0,1,2.7,6.9,10.7,0,13.2,8,8,5,44,36,37,30
SUN,OCT,2013,0,0,1,1.4,8.0,0.4,0,10.6,6,5,11,19,12,22,16
MON,OCT,2013,0,0,0,2.3,6.4,0.0,176,13.3,4,4,2,28,13,28,22
TUE,OCT,2013,0,0,0,1.7,8.0,0.0,0,13.5,7,4,9,22,18,29,29
WED,OCT,2013,0,0,0,2.1,7.7,0.0,17,14.0,7,4,11,33,23,23,37
THU,OCT,2013,0,0,0,3.0,6.8,4.3,0,7.1,3,7,3,39,27,31,22
FRI,OCT,2013,0,0,0,1.6,5.6,1.3,70,7.2,5,3,10,35,18,38,37
SAT,OCT,2013,0,0,1,1.5,7.2,0.3,85,5.0,5,13,10,71,46,45,35
SUN,OCT,2013,0,0,1,2.1,4.3,0.0,244,9.4,1,0,7,32,12,29,18
MON,OCT,2013,0,0,0,3.0,7.7,0.8,68,13.4,2,3,5,20,18,26,19
TUE,OCT,2013,0,0,0,2.5,5.4,22.1,0,10.6,2,4,8,17,13,17,17
WED,OCT,2013,0,0,0,2.6,7.1,0.0,86,10.9,8,2,7,37,21,31,30
THU,OCT,2013,0,0,0,4.4,6.0,0.0,216,14.4,6,5,9,45,31,44,27
FRI,OCT,2013,0,0,0,1.7,2.9,0.0,252,13.4,7,12,12,47,32,52,40
SAT,OCT,2013,0,0,1,3.6,3.5,0.0,474,17.8,10,5,11,49,32,45,54
SUN,OCT,2013,0,0,1,2.2,6.2,4.9,6,14.9,6,2,5,24,9,22,18
MON,OCT,2013,0,0,0,2.1,6.9,0.0,89,16.8,5,4,6,31,18,28,22
TUE,OCT,2013,0,0,0,3.3,3.8,0.0,221,19.4,3,11,14,40,15,57,39
WED,OCT,2013,0,0,0,3.3,7.6,1.3,0,15.6,5,9,14,40,24,25,28
THU,OCT,2013,0,0,0,1.9,1.1,0.0,381,16.2,6,6,11,35,23,41,41
FRI,OCT,2013,0,0,0,2.9,5.4,0.0,121,16.5,5,5,15,44,22,44,50
SAT,OCT,2013,0,0,1,2.8,3.9,0.0,352,19.9,4,8,16,38,26,39,50
SUN,OCT,2013,0,0,1,5.5,5.8,4.8,326,15.7,8,5,10,30,17,28,31
MON,OCT,2013,0,0,0,5.5,7.0,0.0,132,18.8,5,7,2,25,19,29,28
TUE,OCT,2013,0,0,0,3.3,3.9,0.0,232,12.2,5,6,15,31,25,23,28
WED,OCT,2013,0,0,0,2.0,1.5,0.0,333,9.5,4,10,9,33,21,34,50
THU,OCT,2013,0,0,0,1.5,0.0,0.0,411,9.7,4,7,16,44,18,50,40
FRI,NOV,2013,1,0,0,2.6,7.7,0.0,0,8.5,0,3,2,1,2,0,4
SAT,NOV,2013,0,0,1,4.4,7.1,0.0,60,15.1,25,14,23,78,71,63,59
SUN,NOV,2013,0,0,1,4.8,3.0,0.0,258,9.0,3,4,6,32,19,40,26
MON,NOV,2013,0,0,0,5.1,7.6,0.1,19,11.4,0,3,7,24,21,22,24
TUE,NOV,2013,0,0,0,3.5,4.4,0.3,314,8.2,2,7,8,39,21,31,17
WED,NOV,2013,0,0,0,2.8,7.8,1.1,0,11.6,7,7,12,38,21,27,24
THU,NOV,2013,0,0,0,4.0,6.8,0.0,82,15.4,5,5,8,38,24,36,43
FRI,NOV,2013,0,0,0,2.2,7.9,3.8,0,13.3,7,3,16,43,21,37,23
SAT,NOV,2013,0,0,1,3.7,3.2,0.0,151,8.6,8,12,27,67,35,70,59
SUN,NOV,2013,0,0,1,3.9,7.7,16.2,0,4.8,6,4,13,22,13,13,24
MON,NOV,2013,0,0,0,1.5,5.2,0.0,19,5.3,3,10,4,22,15,30,19
TUE,NOV,2013,0,0,0,2.3,2.8,0.0,244,4.0,2,5,10,29,18,29,30
WED,NOV,2013,0,0,0,1.4,8.0,0.0,0,4.9,4,7,10,36,22,20,27
THU,NOV,2013,0,0,0,2.7,7.8,0.4,0,4.5,3,4,5,29,20,41,26
FRI,NOV,2013,0,0,0,3.8,7.7,0.0,0,4.2,7,7,19,36,22,48,36
SAT,NOV,2013,0,0,1,2.9,8.0,0.0,0,5.4,4,10,13,57,43,57,44
SUN,NOV,2013,0,0,1,1.9,8.0,0.0,0,5.9,1,1,12,24,22,16,22
MON,NOV,2013,0,0,0,1.2,0.1,0.0,367,7.1,4,5,7,30,30,26,18
TUE,NOV,2013,0,0,0,2.5,7.8,3.9,0,3.2,4,6,10,25,21,22,21
WED,NOV,2013,0,0,0,2.8,7.9,1.8,0,3.7,5,3,16,33,21,24,18
THU,NOV,2013,0,0,0,2.2,8.0,0.0,0,3.3,7,5,15,52,20,31,33
FRI,NOV,2013,0,0,0,2.8,8.0,1.6,0,4.0,4,6,14,42,25,36,27
SAT,NOV,2013,0,0,1,3.9,8.0,0.0,0,5.3,6,9,14,54,44,48,48
SUN,NOV,2013,0,0,1,3.9,8.0,0.1,7,4.7,4,7,8,37,21,24,29
MON,NOV,2013,0,0,0,2.4,3.6,0.7,314,1.2,4,8,6,27,22,21,26
TUE,NOV,2013,0,0,0,3.0,5.5,0.0,125,-0.3,4,5,5,38,32,33,19
WED,NOV,2013,0,0,0,1.5,1.9,0.0,288,-1.9,1,5,11,30,18,33,30
THU,NOV,2013,0,0,0,1.1,7.8,0.4,0,0.3,4,7,11,33,21,33,26
FRI,NOV,2013,0,0,0,3.4,7.9,0.0,0,4.4,5,11,9,35,31,34,27
SAT,NOV,2013,0,0,1,2.4,7.5,0.0,116,3.9,13,7,11,46,27,50,47
SUN,DEC,2013,0,0,1,1.4,7.3,0.0,50,3.5,1,3,7,19,8,16,15
MON,DEC,2013,0,0,0,4.7,1.8,0.0,293,4.4,4,11,4,26,14,14,13
TUE,DEC,2013,0,0,0,1.8,0.4,0.0,348,0.6,3,5,15,23,21,28,30
WED,DEC,2013,0,0,0,3.3,7.9,0.0,20,2.6,2,7,13,24,18,24,22
THU,DEC,2013,0,0,0,4.8,6.4,0.0,173,6.6,7,4,9,35,11,25,24
FRI,DEC,2013,0,0,0,8.5,7.1,0.9,85,2.5,9,5,15,42,29,35,26
SAT,DEC,2013,0,0,1,3.5,7.8,0.7,0,3.9,11,11,28,57,48,50,55
SUN,DEC,2013,0,0,1,3.1,7.8,0.0,6,6.1,4,11,5,27,16,29,21
MON,DEC,2013,0,0,0,2.4,2.3,0.0,246,7.2,3,3,8,21,14,31,24
TUE,DEC,2013,0,0,0,1.5,0.0,0.0,362,6.1,5,10,11,24,14,28,22
WED,DEC,2013,0,0,0,1.7,1.9,0.0,358,3.7,4,10,12,29,13,35,20
THU,DEC,2013,0,0,0,1.1,8.0,0.0,0,-0.7,3,3,9,21,30,27,23
FRI,DEC,2013,0,0,0,1.5,5.8,0.0,299,-0.1,5,8,10,28,18,36,26
SAT,DEC,2013,0,0,1,1.9,7.0,2.2,0,2.7,6,16,12,58,44,40,38
SUN,DEC,2013,0,0,1,2.4,4.6,0.0,143,3.8,4,0,6,10,11,18,13
MON,DEC,2013,0,0,0,3.8,0.9,0.0,349,6.8,2,1,3,32,14,20,30
TUE,DEC,2013,0,0,0,2.6,0.2,0.0,377,6.0,4,5,9,31,24,28,33
WED,DEC,2013,0,0,0,3.7,7.4,0.0,38,5.6,1,11,12,28,24,25,18
THU,DEC,2013,0,0,0,3.6,7.3,0.2,0,8.8,7,3,15,43,11,34,30
FRI,DEC,2013,0,0,0,2.8,4.2,0.0,0,6.0,7,4,11,32,38,57,30
SAT,DEC,2013,0,0,1,3.5,5.6,0.0,192,3.4,3,7,12,42,25,29,37
SUN,DEC,2013,0,0,1,3.6,6.8,0.4,44,10.3,4,4,10,17,5,13,25
MON,DEC,2013,0,0,0,3.2,3.5,0.0,258,9.7,6,6,11,42,42,46,53
TUE,DEC,2013,0,0,0,3.8,6.5,0.0,152,11.8,1,3,1,3,4,7,5
WED,DEC,2013,1,1,0,4.2,7.0,3.9,0,7.0,0,0,0,0,0,0,0
THU,DEC,2013,1,0,0,4.7,7.8,8.1,0,5.0,4,0,3,12,2,16,18
FRI,DEC,2013,0,0,0,4.4,2.1,0.0,348,6.1,11,5,12,54,34,44,44
SAT,DEC,2013,0,0,1,3.2,5.3,4.5,0,7.2,7,5,17,52,31,40,40
SUN,DEC,2013,0,0,1,3.4,6.1,0.3,138,5.1,6,5,4,27,10,18,19
MON,DEC,2013,0,0,0,3.4,0.8,0.0,378,2.9,8,7,16,62,38,48,42
TUE,DEC,2013,0,0,0,3.2,2.0,0.0,365,3.1,3,2,1,11,5,9,8
WED,JAN,2014,1,0,0,4.6,4.5,0.0,265,6.0,0,4,1,21,13,13,10
THU,JAN,2014,0,0,0,4.3,5.2,0.2,25,7.4,7,6,16,45,30,37,35
FRI,JAN,2014,0,0,0,3.8,6.8,0.3,26,8.4,8,9,11,46,33,46,35
SAT,JAN,2014,0,0,1,2.1,6.0,1.4,0,7.0,4,6,10,45,26,26,43
SUN,JAN,2014,0,0,1,3.1,4.9,0.0,68,5.2,2,5,7,26,27,34,20
MON,JAN,2014,1,0,0,3.8,7.0,0.0,71,8.4,2,3,5,25,19,38,32
TUE,JAN,2014,0,0,0,2.7,6.4,0.0,99,11.9,8,2,7,31,19,16,19
WED,JAN,2014,0,0,0,2.7,4.1,0.0,207,12.2,4,7,9,26,16,23,21
THU,JAN,2014,0,0,0,4.8,6.8,1.7,150,13.1,5,4,7,31,21,34,27
FRI,JAN,2014,0,0,0,3.0,2.4,0.0,219,6.5,12,3,9,37,27,34,24
SAT,JAN,2014,0,0,1,2.9,7.5,1.5,0,4.8,11,7,18,55,52,57,43
SUN,JAN,2014,0,0,1,1.3,4.9,0.0,142,2.0,2,1,10,28,14,12,13
MON,JAN,2014,0,0,0,1.8,7.5,5.0,34,5.9,2,5,13,26,15,25,17
TUE,JAN,2014,0,0,0,1.6,7.5,1.5,0,5.0,11,3,10,39,17,28,27
WED,JAN,2014,0,0,0,3.1,6.0,0.0,283,5.2,9,5,5,37,25,43,29
THU,JAN,2014,0,0,0,3.6,5.7,2.6,0,7.4,4,9,12,24,24,36,30
FRI,JAN,2014,0,0,0,3.1,3.0,0.0,151,6.3,9,9,11,36,19,39,29
SAT,JAN,2014,0,0,1,2.3,5.8,0.0,146,3.0,10,11,16,61,58,66,42
SUN,JAN,2014,0,0,1,1.8,6.4,0.0,50,2.6,2,4,4,30,10,30,12
MON,JAN,2014,0,0,0,2.2,7.9,0.0,0,3.4,2,1,1,20,16,22,14
TUE,JAN,2014,0,0,0,2.1,7.8,5.2,0,3.6,6,3,8,29,19,19,19
WED,JAN,2014,0,0,0,1.2,8.0,0.0,0,4.2,8,10,11,35,23,45,23
THU,JAN,2014,0,0,0,2.0,7.9,1.0,0,3.7,6,5,10,26,17,15,23
FRI,JAN,2014,0,0,0,3.7,7.8,1.3,0,2.0,6,8,8,27,19,21,21
SAT,JAN,2014,0,0,1,1.9,7.8,0.0,3,2.8,7,4,10,51,33,64,48
SUN,JAN,2014,0,0,1,5.4,6.2,0.0,126,4.5,4,6,7,32,13,24,32
MON,JAN,2014,0,0,0,3.2,4.6,1.2,130,2.6,1,5,3,14,10,14,11
TUE,JAN,2014,0,0,0,3.3,1.3,0.0,405,3.5,3,2,3,30,17,31,16
WED,JAN,2014,0,0,0,5.2,6.1,0.0,18,-0.1,24,4,12,31,18,29,22
THU,JAN,2014,0,0,0,2.4,6.4,0.0,150,1.0,8,11,16,33,23,36,29
FRI,JAN,2014,0,0,0,1.8,2.7,0.0,282,1.6,4,6,14,30,20,27,27
SAT,FEB,2014,0,0,1,2.0,6.4,0.3,197,6.7,6,10,16,45,44,67,48
SUN,FEB,2014,0,0,1,1.9,7.1,0.4,1,4.0,0,1,12,17,11,23,24
MON,FEB,2014,0,0,0,3.9,7.8,0.0,1,2.6,0,4,8,16,11,16,16
TUE,FEB,2014,0,0,0,2.1,6.2,0.0,0,5.6,2,5,12,24,20,27,27
WED,FEB,2014,0,0,0,3.0,6.3,0.1,11,4.6,1,3,11,26,28,35,22
THU,FEB,2014,0,0,0,3.9,5.5,0.0,240,9.1,4,2,9,23,24,22,24
FRI,FEB,2014,0,0,0,5.1,6.2,0.0,0,9.1,5,7,17,29,31,47,24
SAT,FEB,2014,0,0,1,4.9,5.1,0.6,0,7.0,10,5,11,56,34,38,37
SUN,FEB,2014,0,0,1,4.3,6.0,0.9,127,5.0,5,6,5,27,17,17,23
MON,FEB,2014,0,0,0,3.0,7.0,1.7,0,4.0,2,3,1,28,16,13,23
TUE,FEB,2014,0,0,0,2.6,4.2,0.0,80,5.7,5,3,8,31,19,25,26
WED,FEB,2014,0,0,0,3.5,4.3,0.0,273,6.5,4,6,4,29,13,14,24
THU,FEB,2014,0,0,0,5.6,6.8,6.3,58,6.7,4,1,5,21,15,22,29
FRI,FEB,2014,0,0,0,4.6,6.9,0.5,176,7.0,14,7,14,52,31,42,44
SAT,FEB,2014,0,0,1,3.5,6.6,6.3,0,7.3,6,6,16,59,22,48,37
SUN,FEB,2014,0,0,1,3.4,6.9,0.1,3,7.2,3,6,7,24,11,10,16
MON,FEB,2014,0,0,0,1.8,1.8,0.0,309,8.5,1,2,9,15,16,28,18
TUE,FEB,2014,0,0,0,2.3,4.9,0.0,251,8.3,1,8,5,26,21,29,13
WED,FEB,2014,0,0,0,1.8,7.9,0.2,1,8.2,5,5,8,18,24,14,23
THU,FEB,2014,0,0,0,3.2,1.3,0.0,427,10.2,3,2,10,31,22,23,19
FRI,FEB,2014,0,0,0,3.8,5.3,0.6,15,6.8,2,7,8,25,26,32,29
SAT,FEB,2014,0,0,1,3.1,5.2,0.5,165,6.8,14,2,17,43,33,47,37
SUN,FEB,2014,0,0,1,2.8,2.4,0.0,439,7.6,7,6,8,22,17,27,22
MON,FEB,2014,0,0,0,2.9,0.1,0.0,472,9.2,4,2,12,24,19,17,21
TUE,FEB,2014,0,0,0,3.2,6.5,0.0,299,11.4,6,4,12,38,23,31,19
WED,FEB,2014,0,0,0,3.9,6.5,1.9,146,8.2,5,6,7,22,25,25,17
THU,FEB,2014,0,0,0,3.4,7.2,0.0,0,7.3,4,3,10,40,23,28,26
FRI,FEB,2014,0,0,0,3.1,6.5,0.0,205,8.8,4,11,12,31,20,36,34
SAT,MAR,2014,0,0,1,1.8,7.2,0.3,76,6.6,8,7,18,51,42,51,41
SUN,MAR,2014,0,0,1,2.1,5.6,0.0,122,5.7,4,3,9,19,19,26,15
MON,MAR,2014,0,0,0,2.6,7.6,0.0,11,7.6,0,3,10,31,18,12,12
TUE,MAR,2014,0,0,0,3.9,5.3,0.0,284,8.8,3,0,3,22,15,24,15
WED,MAR,2014,0,0,0,3.6,4.6,0.0,253,8.2,3,9,9,27,27,27,29
THU,MAR,2014,0,0,0,2.4,2.4,0.0,268,8.0,7,3,14,28,30,35,26
FRI,MAR,2014,0,0,0,1.9,1.8,0.0,458,10.5,5,5,15,44,23,31,31
SAT,MAR,2014,0,0,1,2.7,0.0,0.0,473,11.8,9,8,12,34,33,40,30
SUN,MAR,2014,0,0,1,2.9,0.1,0.0,609,14.3,6,5,7,31,20,20,22
MON,MAR,2014,0,0,0,2.8,0.3,0.0,483,12.9,1,4,11,18,16,12,16
TUE,MAR,2014,0,0,0,2.7,0.3,0.0,467,12.4,5,1,5,24,14,23,18
WED,MAR,2014,0,0,0,2.6,0.5,0.0,485,14.5,4,4,5,21,20,20,17
THU,MAR,2014,0,0,0,2.1,0.5,0.0,482,14.7,8,0,1,25,31,24,17
FRI,MAR,2014,0,0,0,2.4,0.1,0.0,479,14.8,6,3,8,31,39,38,19
SAT,MAR,2014,0,0,1,6.0,7.7,0.5,0,7.6,10,7,12,51,33,52,44
SUN,MAR,2014,0,0,1,4.2,4.2,0.0,208,12.2,4,5,9,32,18,19,14
MON,MAR,2014,0,0,0,4.1,0.2,0.0,505,15.0,4,2,4,18,20,23,12
TUE,MAR,2014,0,0,0,4.4,5.3,0.0,276,14.6,6,3,6,29,19,26,23
WED,MAR,2014,0,0,0,4.5,3.6,0.0,230,12.3,1,4,6,25,23,30,19
THU,MAR,2014,0,0,0,3.8,0.8,0.0,515,19.0,8,3,15,36,22,25,20
FRI,MAR,2014,0,0,0,5.6,5.8,0.0,256,17.1,7,9,7,31,25,38,30
SAT,MAR,2014,0,0,1,3.8,6.8,1.0,0,9.7,4,7,12,39,26,38,45
SUN,MAR,2014,0,0,1,3.4,6.8,0.4,9,6.4,4,4,6,22,13,26,17
MON,MAR,2014,0,0,0,2.8,6.0,3.4,99,4.6,0,2,6,16,13,8,6
TUE,MAR,2014,0,0,0,2.5,2.7,0.0,293,6.1,5,1,6,24,23,28,21
WED,MAR,2014,0,0,0,2.3,4.4,0.0,200,8.1,4,5,14,27,19,38,19
THU,MAR,2014,0,0,0,2.6,3.1,0.0,417,11.8,4,5,7,27,19,29,15
FRI,MAR,2014,0,0,0,3.2,1.6,0.0,330,14.0,4,6,11,35,25,35,30
SAT,MAR,2014,0,0,1,2.9,2.8,0.0,435,16.0,11,7,16,51,30,56,44
SUN,MAR,2014,0,0,1,2.1,0.3,0.0,656,16.0,6,1,4,21,12,13,11
MON,MAR,2014,0,0,0,1.8,0.2,0.0,500,16.9,2,9,9,20,21,23,21
TUE,APR,2014,0,0,0,1.7,2.4,0.0,436,17.9,9,4,5,16,22,17,21
WED,APR,2014,0,0,0,2.4,3.1,0.0,410,19.7,1,3,14,36,16,23,22
THU,APR,2014,0,0,0,2.9,5.1,0.0,242,19.8,10,6,16,36,21,25,17
FRI,APR,2014,0,0,0,2.1,2.2,0.0,378,18.7,5,5,13,20,19,34,18
SAT,APR,2014,0,0,1,4.1,7.7,3.4,0,12.9,13,13,27,56,49,63,60
SUN,APR,2014,0,0,1,1.8,4.0,0.0,362,16.0,2,0,4,26,15,21,16
MON,APR,2014,0,0,0,3.4,4.4,0.0,313,19.6,4,2,11,14,19,15,9
TUE,APR,2014,0,0,0,7.6,6.2,0.0,175,12.1,4,5,6,17,15,30,19
WED,APR,2014,0,0,0,4.2,3.8,0.0,515,11.7,2,3,7,40,23,28,28
THU,APR,2014,0,0,0,2.0,5.6,0.0,217,13.2,1,2,13,45,22,27,28
FRI,APR,2014,0,0,0,2.8,0.8,0.0,586,16.4,9,6,13,37,27,59,28
SAT,APR,2014,0,0,1,2.7,4.2,0.0,450,17.3,2,7,14,47,31,45,31
SUN,APR,2014,0,0,1,4.6,1.3,0.0,693,14.7,7,3,9,16,16,25,12
MON,APR,2014,0,0,0,7.3,7.1,0.2,147,11.1,3,8,10,17,23,19,18
TUE,APR,2014,0,0,0,4.2,7.9,0.0,18,6.6,6,1,4,25,18,28,14
WED,APR,2014,0,0,0,3.0,3.1,0.0,341,9.9,10,7,12,39,22,33,27
THU,APR,2014,0,0,0,3.4,1.3,0.0,596,13.3,5,7,18,24,21,21,18
FRI,APR,2014,1,0,0,3.3,6.2,0.8,56,6.3,1,3,11,13,9,14,12
SAT,APR,2014,0,0,1,3.2,7.1,0.0,80,12.2,5,4,11,41,21,44,26
SUN,APR,2014,0,0,1,4.8,4.4,0.0,328,15.6,2,2,5,17,7,14,11
MON,APR,2014,1,0,0,1.7,5.3,3.1,175,13.6,2,6,6,12,11,17,9
TUE,APR,2014,0,0,0,2.3,3.9,0.1,325,15.9,5,7,5,23,16,22,25
WED,APR,2014,0,0,0,2.4,2.6,0.0,386,18.8,7,3,10,26,19,15,18
THU,APR,2014,0,0,0,3.0,1.8,0.1,515,20.1,2,4,11,19,17,24,16
FRI,APR,2014,0,0,0,2.8,4.5,0.0,372,20.4,3,6,18,36,18,16,39
SAT,APR,2014,0,0,1,2.7,5.4,1.0,242,16.8,5,3,23,39,31,43,27
SUN,APR,2014,0,0,1,2.8,7.4,1.1,69,11.9,8,4,4,19,10,13,16
MON,APR,2014,0,0,0,3.6,7.6,0.0,0,12.3,3,4,11,18,18,19,12
TUE,APR,2014,0,0,0,2.6,6.8,0.0,90,14.5,3,5,10,27,24,22,13
WED,APR,2014,0,0,0,2.4,7.3,1.2,46,14.0,5,5,12,26,24,41,22
THU,MAY,2014,1,0,0,2.3,5.8,16.2,4,12.1,8,6,11,26,27,34,27
FRI,MAY,2014,0,0,0,3.4,7.2,5.5,89,12.8,8,7,17,37,48,45,49
SAT,MAY,2014,0,0,1,3.0,8.0,0.0,0,7.8,8,7,15,50,29,55,40
SUN,MAY,2014,0,0,1,2.1,1.4,0.0,690,12.0,5,3,6,17,25,24,15
MON,MAY,2014,0,0,0,2.3,2.2,0.0,607,16.8,3,4,3,19,10,24,11
TUE,MAY,2014,0,0,0,3.4,6.2,0.0,217,20.3,5,2,9,21,15,27,19
WED,MAY,2014,0,0,0,5.7,4.8,0.0,332,15.1,6,5,6,29,18,33,29
THU,MAY,2014,0,0,0,4.1,6.8,0.0,212,16.9,2,4,13,17,22,29,8
FRI,MAY,2014,0,0,0,6.0,5.6,0.1,378,18.0,4,2,9,19,30,34,24
SAT,MAY,2014,0,0,1,3.0,7.3,1.4,110,15.9,8,5,16,38,43,43,22
SUN,MAY,2014,0,0,1,5.3,4.8,1.1,322,11.6,4,2,3,9,8,18,14
MON,MAY,2014,0,0,0,5.3,6.9,2.7,131,10.0,1,3,11,17,28,14,19
TUE,MAY,2014,0,0,0,5.2,6.0,2.7,284,11.4,5,6,9,32,23,29,28
WED,MAY,2014,0,0,0,4.7,3.2,0.0,509,12.9,2,0,7,23,30,28,21
THU,MAY,2014,0,0,0,3.9,6.3,0.0,227,11.1,1,6,15,40,28,36,21
FRI,MAY,2014,0,0,0,3.7,2.8,0.0,467,14.9,12,9,14,27,28,43,21
SAT,MAY,2014,0,0,1,2.4,5.5,0.0,385,16.2,5,8,20,36,35,39,32
SUN,MAY,2014,0,0,1,2.2,3.4,0.0,574,17.7,3,2,4,8,7,11,18
MON,MAY,2014,0,0,0,2.4,6.8,0.0,281,20.7,2,4,7,23,14,17,20
TUE,MAY,2014,0,0,0,2.9,2.5,0.0,486,24.4,3,3,10,29,23,26,19
WED,MAY,2014,0,0,0,4.5,1.8,0.0,476,26.0,5,6,13,32,19,27,23
THU,MAY,2014,0,0,0,3.8,4.1,0.0,374,22.3,3,5,15,26,23,30,21
FRI,MAY,2014,0,0,0,2.3,4.2,0.5,434,18.4,7,9,10,25,28,28,16
SAT,MAY,2014,0,0,1,2.5,3.0,5.0,367,15.8,3,4,11,42,26,37,28
SUN,MAY,2014,0,0,1,3.1,4.5,0.0,569,19.6,4,2,2,12,9,15,14
MON,MAY,2014,0,0,0,2.2,7.1,0.7,36,15.9,5,4,11,15,28,24,16
TUE,MAY,2014,0,0,0,5.6,7.7,0.0,94,15.8,1,5,6,30,24,29,24
WED,MAY,2014,0,0,0,3.6,6.4,0.0,96,16.3,3,6,9,29,14,30,23
THU,MAY,2014,1,0,0,3.8,6.8,0.1,222,17.2,6,4,16,31,19,45,22
FRI,MAY,2014,0,0,0,2.9,6.7,0.0,50,12.6,5,7,7,55,44,48,33
SAT,MAY,2014,0,0,1,2.5,3.0,0.0,493,17.6,5,6,16,38,30,39,27
SUN,JUN,2014,0,0,1,2.2,7.1,0.0,178,17.7,2,2,11,21,9,22,17
MON,JUN,2014,0,0,0,2.2,6.8,0.0,211,18.0,3,7,10,18,17,16,16
TUE,JUN,2014,0,0,0,2.4,6.7,0.0,234,17.9,5,2,8,23,25,33,26
WED,JUN,2014,0,0,0,3.0,5.8,3.8,205,17.6,7,9,5,25,21,17,21
THU,JUN,2014,0,0,0,2.8,3.5,0.0,517,17.9,3,4,3,18,25,21,18
FRI,JUN,2014,0,0,0,2.3,1.9,0.0,669,24.5,0,9,10,32,27,32,16
SAT,JUN,2014,0,0,1,2.0,1.8,0.0,463,28.2,6,5,8,25,20,33,17
SUN,JUN,2014,0,0,1,2.8,0.9,0.0,763,30.5,4,5,8,7,11,17,6
MON,JUN,2014,1,0,0,3.1,0.4,0.0,620,32.9,3,0,5,8,9,11,9
TUE,JUN,2014,0,0,0,3.2,4.2,1.1,417,29.1,3,1,8,19,13,15,15
WED,JUN,2014,0,0,0,3.2,4.7,0.0,305,25.6,2,4,9,26,8,27,23
THU,JUN,2014,0,0,0,3.0,2.8,0.0,538,25.5,3,2,8,24,23,23,11
FRI,JUN,2014,0,0,0,3.9,1.8,0.0,620,23.3,5,4,15,31,17,32,22
SAT,JUN,2014,0,0,1,3.9,4.9,0.0,215,17.7,9,4,12,37,22,22,27
SUN,JUN,2014,0,0,1,4.0,4.1,0.0,578,19.5,1,1,4,9,10,10,11
MON,JUN,2014,0,0,0,3.6,3.1,0.0,456,20.7,1,7,4,26,19,20,21
TUE,JUN,2014,0,0,0,3.2,6.2,1.3,266,17.3,2,4,8,27,22,17,22
WED,JUN,2014,0,0,0,3.2,3.4,0.0,458,22.0,5,5,11,27,24,24,24
THU,JUN,2014,1,0,0,4.7,2.3,0.0,574,21.0,5,8,1,29,16,17,16
FRI,JUN,2014,0,0,0,4.2,5.8,0.0,212,16.6,1,5,10,29,33,34,22
SAT,JUN,2014,0,0,1,2.6,1.8,0.0,597,19.3,6,5,14,48,25,25,27
SUN,JUN,2014,0,0,1,3.0,1.1,0.0,782,21.6,2,3,5,11,8,21,16
MON,JUN,2014,0,0,0,2.7,3.8,0.0,409,22.6,2,4,7,25,15,23,19
TUE,JUN,2014,0,0,0,2.5,1.4,0.0,635,22.3,4,1,7,18,26,19,20
WED,JUN,2014,0,0,0,4.7,4.9,0.0,372,18.0,11,11,11,24,18,24,22
THU,JUN,2014,0,0,0,2.5,2.9,0.0,658,20.8,6,6,17,46,41,30,28
FRI,JUN,2014,0,0,0,2.6,5.0,0.0,325,24.2,7,6,10,33,27,34,21
SAT,JUN,2014,0,0,1,2.7,6.8,2.6,83,19.3,9,4,21,41,25,32,44
SUN,JUN,2014,0,0,1,5.1,6.4,5.9,113,17.3,2,2,7,25,18,23,24
MON,JUN,2014,0,0,0,4.6,6.3,0.1,243,16.5,4,2,9,25,18,19,26
TUE,JUL,2014,0,0,0,2.2,4.4,0.0,387,20.7,3,3,15,17,13,39,17
WED,JUL,2014,0,0,0,3.1,3.0,0.0,474,20.8,3,2,6,22,17,21,20
THU,JUL,2014,0,0,0,3.5,0.9,0.0,672,26.0,3,2,7,23,17,20,11
FRI,JUL,2014,0,0,0,3.4,4.1,0.0,349,28.1,8,6,11,57,17,30,24
SAT,JUL,2014,0,0,1,3.4,7.3,0.2,59,21.3,14,3,15,51,37,20,27
SUN,JUL,2014,0,0,1,3.1,3.6,0.0,633,28.0,1,0,2,11,15,13,20
MON,JUL,2014,0,0,0,3.0,6.2,0.0,191,21.5,3,7,14,30,17,22,17
TUE,JUL,2014,0,0,0,3.8,7.9,7.2,0,14.5,5,4,8,28,19,46,24
WED,JUL,2014,0,0,0,4.2,7.0,7.5,0,12.6,8,5,11,17,17,22,17
THU,JUL,2014,0,0,0,2.0,8.0,0.0,0,14.8,4,7,11,26,20,37,28
FRI,JUL,2014,0,0,0,3.0,6.0,0.3,317,21.2,7,7,22,26,22,37,28
SAT,JUL,2014,0,0,1,3.9,6.9,0.2,91,19.2,6,8,14,52,29,36,31
SUN,JUL,2014,0,0,1,3.2,6.9,0.5,161,19.9,4,5,10,42,27,30,29
MON,JUL,2014,0,0,0,3.4,4.7,2.5,371,21.2,2,7,13,28,18,21,14
TUE,JUL,2014,0,0,0,2.4,2.7,0.0,494,23.2,5,2,4,15,17,14,15
WED,JUL,2014,0,0,0,2.0,3.8,0.0,450,24.7,2,7,5,26,16,29,21
THU,JUL,2014,0,0,0,1.8,1.6,0.0,658,26.8,6,1,15,32,13,31,22
FRI,JUL,2014,0,0,0,3.2,0.8,0.0,658,29.4,4,4,7,20,20,22,25
SAT,JUL,2014,0,0,1,2.6,0.4,0.0,572,30.4,1,2,8,32,16,35,30
SUN,JUL,2014,0,0,1,2.8,5.6,3.8,185,24.0,1,2,7,15,12,30,21
MON,JUL,2014,0,0,0,3.8,7.7,0.0,7,19.9,9,4,13,22,15,27,22
TUE,JUL,2014,0,0,0,2.6,5.6,0.3,53,21.6,1,4,6,28,27,31,33
WED,JUL,2014,0,0,0,3.6,3.1,0.0,564,25.3,4,11,15,27,23,23,12
THU,JUL,2014,0,0,0,2.4,1.7,0.0,594,24.7,4,5,8,19,25,20,17
FRI,JUL,2014,0,0,0,2.1,4.4,0.1,328,23.0,5,5,15,31,21,30,24
SAT,JUL,2014,0,0,1,3.3,6.3,0.6,3,20.2,7,5,11,44,27,47,32
SUN,JUL,2014,0,0,1,3.8,4.9,0.0,459,23.6,7,3,10,18,18,25,14
MON,JUL,2014,0,0,0,3.0,4.7,4.5,420,24.2,1,7,19,35,30,32,9
TUE,JUL,2014,0,0,0,2.3,7.8,0.1,9,18.7,2,6,5,37,17,25,17
WED,JUL,2014,0,0,0,5.2,7.6,0.1,31,19.9,7,2,15,41,26,44,29
THU,JUL,2014,0,0,0,1.7,2.4,0.0,431,22.8,3,2,17,21,25,20,18
FRI,AUG,2014,0,0,0,3.0,2.6,0.0,408,23.7,8,9,12,26,24,31,17
SAT,AUG,2014,0,0,1,2.2,6.2,1.3,221,22.2,5,4,11,38,22,40,19
SUN,AUG,2014,0,0,1,2.3,6.5,0.1,138,20.8,4,6,8,25,18,18,15
MON,AUG,2014,0,0,0,3.0,5.0,4.2,353,21.9,6,7,7,25,15,29,19
TUE,AUG,2014,0,0,0,4.2,3.3,0.0,427,20.3,4,5,14,28,33,35,28
WED,AUG,2014,0,0,0,2.3,5.5,0.0,306,22.1,8,2,8,38,26,38,26
THU,AUG,2014,0,0,0,2.3,4.0,0.0,303,21.1,3,10,5,17,29,40,25
FRI,AUG,2014,0,0,0,3.0,3.2,0.0,511,25.1,8,2,13,40,24,38,20
SAT,AUG,2014,0,0,1,3.3,3.3,0.0,482,23.0,6,5,9,46,32,46,28
SUN,AUG,2014,0,0,1,3.5,7.1,0.8,240,25.1,3,5,3,19,16,19,20
MON,AUG,2014,0,0,0,3.2,4.8,0.0,382,20.8,4,1,13,33,21,26,13
TUE,AUG,2014,0,0,0,2.5,6.2,0.0,251,20.0,2,2,9,24,27,47,20
WED,AUG,2014,0,0,0,3.0,7.2,5.9,70,16.1,3,7,9,34,24,21,20
THU,AUG,2014,0,0,0,2.6,7.2,3.0,174,16.7,3,3,9,25,16,30,24
FRI,AUG,2014,0,0,0,3.0,5.9,3.3,169,15.1,2,5,7,26,36,43,32
SAT,AUG,2014,0,0,1,4.5,4.7,0.9,301,16.3,6,6,4,47,33,45,32
SUN,AUG,2014,0,0,1,3.7,3.6,0.0,497,19.0,3,6,7,23,22,28,1
MON,AUG,2014,0,0,0,4.7,7.7,0.0,15,16.3,4,3,8,20,17,24,15
TUE,AUG,2014,0,0,0,3.0,5.2,0.0,275,17.6,6,4,7,22,15,47,22
WED,AUG,2014,0,0,0,2.1,5.7,0.0,241,16.3,7,7,14,41,33,27,24
THU,AUG,2014,0,0,0,2.4,5.2,0.0,355,17.3,4,7,15,31,29,34,21
FRI,AUG,2014,0,0,0,2.8,6.4,0.0,224,18.3,4,4,14,19,26,24,18
SAT,AUG,2014,0,0,1,2.7,7.3,2.9,64,14.7,8,6,17,57,43,54,34
SUN,AUG,2014,0,0,1,3.7,4.5,0.0,449,15.2,1,1,5,19,10,20,7
MON,AUG,2014,0,0,0,2.4,7.5,0.0,75,17.3,3,5,8,22,15,31,24
TUE,AUG,2014,0,0,0,2.6,7.8,26.4,40,17.1,5,8,3,32,21,25,22
WED,AUG,2014,0,0,0,1.5,4.6,0.0,275,17.6,8,10,5,23,25,30,21
THU,AUG,2014,0,0,0,1.6,5.2,0.0,392,21.5,1,6,10,22,21,19,28
FRI,AUG,2014,0,0,0,2.6,7.1,0.3,195,20.9,6,3,10,36,38,47,25
SAT,AUG,2014,0,0,1,2.6,5.2,0.0,422,20.3,3,2,12,40,21,43,23
SUN,AUG,2014,0,0,1,3.0,7.8,20.2,54,13.9,2,8,6,11,4,13,11
MON,SEP,2014,0,0,0,2.1,7.8,0.0,23,14.8,1,0,10,26,27,25,14
TUE,SEP,2014,0,0,0,1.9,7.6,0.1,45,16.0,3,3,11,32,26,40,21
WED,SEP,2014,0,0,0,2.9,8.0,0.0,0,15.9,3,4,10,17,24,31,11
THU,SEP,2014,0,0,0,1.6,7.8,0.0,0,17.7,6,4,9,28,32,30,21
FRI,SEP,2014,0,0,0,1.8,4.1,0.0,496,22.4,4,3,9,32,24,24,19
SAT,SEP,2014,0,0,1,1.4,3.8,0.0,355,22.2,2,4,6,27,24,29,16
SUN,SEP,2014,0,0,1,2.1,5.0,0.0,460,21.5,6,3,4,16,12,17,22
MON,SEP,2014,0,0,0,2.0,4.8,0.0,446,23.0,3,5,9,29,23,21,20
TUE,SEP,2014,0,0,0,2.3,2.7,0.0,455,20.6,2,9,8,28,17,34,10
WED,SEP,2014,0,0,0,2.8,4.2,0.0,414,17.0,4,6,22,36,30,32,31
THU,SEP,2014,0,0,0,2.9,6.2,2.2,47,13.3,4,8,6,30,23,25,13
FRI,SEP,2014,0,0,0,5.3,7.9,12.2,0,12.3,1,4,5,19,25,40,19
SAT,SEP,2014,0,0,1,1.4,7.8,0.7,0,15.0,4,6,17,45,28,52,28
SUN,SEP,2014,0,0,1,2.0,6.0,0.0,178,17.5,3,8,10,13,12,16,14
MON,SEP,2014,0,0,0,2.0,6.4,0.0,95,18.0,2,2,9,22,10,14,20
TUE,SEP,2014,0,0,0,2.2,3.3,0.0,425,20.4,5,4,13,26,20,14,9
WED,SEP,2014,0,0,0,2.7,1.5,0.0,546,21.7,2,5,9,28,20,22,20
THU,SEP,2014,0,0,0,1.6,5.8,1.1,250,21.0,9,0,8,37,20,27,16
FRI,SEP,2014,0,0,0,2.1,5.2,8.0,248,20.3,3,3,14,40,29,30,25
SAT,SEP,2014,0,0,1,2.3,3.6,0.0,407,20.9,8,3,8,43,25,43,28
SUN,SEP,2014,0,0,1,4.1,7.1,7.8,104,16.6,3,1,2,16,7,11,19
MON,SEP,2014,0,0,0,4.3,4.8,2.3,72,11.1,7,6,8,26,13,20,11
TUE,SEP,2014,0,0,0,2.0,2.5,0.0,404,12.3,3,0,11,24,23,22,18
WED,SEP,2014,0,0,0,2.1,6.8,0.1,220,14.3,2,6,6,34,23,32,21
THU,SEP,2014,0,0,0,3.6,6.8,0.0,152,14.4,4,5,11,32,23,32,16
FRI,SEP,2014,0,0,0,3.3,2.9,0.0,465,16.3,5,4,14,37,33,36,23
SAT,SEP,2014,0,0,1,2.2,3.6,0.0,280,17.3,8,4,10,27,30,29,22
SUN,SEP,2014,0,0,1,1.9,2.4,0.0,601,18.9,1,3,5,14,17,12,14
MON,SEP,2014,0,0,0,2.0,4.2,0.0,406,21.7,0,5,17,18,30,25,17
TUE,SEP,2014,0,0,0,1.5,6.7,0.9,29,17.8,2,5,5,20,29,26,20
WED,OCT,2014,0,0,0,1.7,2.9,0.0,324,18.3,2,5,8,35,16,18,17
THU,OCT,2014,0,0,0,1.6,1.3,0.0,396,18.1,5,5,7,39,30,30,16
FRI,OCT,2014,1,0,0,2.7,1.8,0.0,471,17.1,3,5,9,30,16,33,25
SAT,OCT,2014,0,0,1,3.6,1.0,0.0,483,13.9,5,1,15,35,20,38,26
SUN,OCT,2014,0,0,1,2.7,3.1,0.0,380,14.9,0,1,4,18,20,17,12
MON,OCT,2014,0,0,0,3.0,3.8,0.0,172,14.0,7,3,10,22,21,17,19
TUE,OCT,2014,0,0,0,4.4,7.7,0.7,10,16.2,3,8,8,24,9,26,20
WED,OCT,2014,0,0,0,3.6,7.6,0.1,82,18.8,4,2,3,20,18,25,17
THU,OCT,2014,0,0,0,2.9,6.2,0.0,290,21.4,3,7,3,32,28,24,11
FRI,OCT,2014,0,0,0,1.3,7.1,0.5,0,16.3,4,6,11,30,23,33,14
SAT,OCT,2014,0,0,1,2.1,6.2,0.0,44,16.3,4,6,12,46,41,49,32
SUN,OCT,2014,0,0,1,2.2,5.9,0.0,241,16.4,2,6,3,23,18,25,18
MON,OCT,2014,0,0,0,2.5,7.5,0.8,3,16.0,2,3,5,14,20,13,7
TUE,OCT,2014,0,0,0,2.5,2.2,0.0,404,17.9,2,6,9,18,12,16,13
WED,OCT,2014,0,0,0,1.3,5.1,0.0,206,17.0,1,3,1,18,11,12,9
THU,OCT,2014,0,0,0,3.2,7.4,0.4,11,15.9,3,2,8,29,22,27,25
FRI,OCT,2014,0,0,0,2.8,5.2,0.0,107,15.3,8,3,16,26,17,26,20
SAT,OCT,2014,0,0,1,3.1,1.5,0.0,502,18.0,4,4,15,36,33,52,36
SUN,OCT,2014,0,0,1,3.2,2.1,0.0,527,20.0,4,4,4,19,16,16,15
MON,OCT,2014,0,0,0,3.1,7.9,0.0,10,17.1,6,4,5,20,20,31,25
TUE,OCT,2014,0,0,0,6.1,6.2,1.6,167,14.7,3,6,8,24,25,14,12
WED,OCT,2014,0,0,0,9.0,7.4,0.0,12,7.6,2,4,3,25,17,30,18
THU,OCT,2014,0,0,0,3.5,6.7,0.0,131,9.7,2,1,3,17,17,28,21
FRI,OCT,2014,0,0,0,2.3,2.6,0.0,420,11.1,3,7,10,39,30,39,29
SAT,OCT,2014,0,0,1,1.2,8.0,0.0,24,12.2,8,2,14,37,47,48,49
SUN,OCT,2014,0,0,1,1.7,2.6,0.0,316,13.6,5,2,6,11,20,12,16
MON,OCT,2014,0,0,0,3.6,5.2,0.0,360,9.5,4,5,8,9,12,11,14
TUE,OCT,2014,0,0,0,1.9,4.8,0.0,0,7.6,4,4,5,42,23,29,18
WED,OCT,2014,0,0,0,1.5,4.0,0.0,285,11.0,2,2,4,17,20,22,12
THU,OCT,2014,0,0,0,1.7,7.0,0.0,0,12.4,4,2,10,36,32,25,19
FRI,OCT,2014,0,0,0,2.0,7.9,0.0,222,15.0,6,7,6,37,27,46,24
SAT,NOV,2014,1,0,1,1.7,2.0,0.0,397,14.5,5,3,11,52,34,40,32
SUN,NOV,2014,0,0,1,2.2,2.1,0.0,512,13.4,1,3,4,19,9,33,13
MON,NOV,2014,0,0,0,2.5,7.3,0.0,106,15.4,1,5,13,29,24,28,24
TUE,NOV,2014,0,0,0,2.9,4.2,0.0,102,11.7,5,6,7,28,25,26,21
WED,NOV,2014,0,0,0,2.4,8.0,10.9,0,7.1,3,3,7,35,17,31,16
THU,NOV,2014,0,0,0,1.6,5.2,0.0,62,7.8,6,5,12,21,24,34,24
FRI,NOV,2014,0,0,0,2.8,5.8,0.0,230,10.4,5,3,11,32,33,44,26
SAT,NOV,2014,0,0,1,2.2,1.4,0.0,350,10.5,9,9,20,51,65,76,62
SUN,NOV,2014,0,0,1,2.1,4.9,0.0,299,9.2,0,1,8,19,17,2,23
MON,NOV,2014,0,0,0,2.0,4.4,1.8,0,8.0,2,0,7,19,15,23,15
TUE,NOV,2014,0,0,0,1.4,5.8,0.0,55,7.7,4,7,4,22,20,17,22
WED,NOV,2014,0,0,0,1.5,7.9,1.3,0,7.8,13,3,5,28,38,39,19
THU,NOV,2014,0,0,0,1.5,7.9,0.0,0,9.6,3,1,12,28,32,25,15
FRI,NOV,2014,0,0,0,2.8,3.7,0.0,267,10.0,1,4,6,31,32,36,26
SAT,NOV,2014,0,0,1,2.1,6.9,3.9,122,9.7,8,11,19,54,46,57,56
SUN,NOV,2014,0,0,1,2.8,6.6,0.6,93,9.7,2,2,8,25,11,41,12
MON,NOV,2014,0,0,0,2.2,7.4,0.0,23,7.4,3,6,7,23,16,24,20
TUE,NOV,2014,0,0,0,3.6,7.4,4.2,0,7.2,4,2,7,30,22,39,17
WED,NOV,2014,0,0,0,1.6,7.0,0.1,0,7.1,8,6,11,36,39,36,28
THU,NOV,2014,0,0,0,2.7,7.9,0.0,3,6.0,2,6,7,25,30,27,22
FRI,NOV,2014,0,0,0,2.4,7.8,0.0,1,7.3,3,8,13,42,17,29,32
SAT,NOV,2014,0,0,1,1.6,2.7,0.0,318,10.5,6,8,12,62,49,70,59
SUN,NOV,2014,0,0,1,3.5,1.2,0.0,440,8.8,1,5,7,26,16,20,19
MON,NOV,2014,0,0,0,2.5,7.5,0.0,115,8.6,0,7,8,18,14,30,15
TUE,NOV,2014,0,0,0,4.5,8.0,0.0,6,8.1,1,6,10,22,25,30,19
WED,NOV,2014,0,0,0,3.2,8.0,0.0,0,6.2,1,7,4,40,23,17,13
THU,NOV,2014,0,0,0,3.1,6.5,0.0,107,6.5,1,3,6,16,23,36,13
FRI,NOV,2014,0,0,0,3.7,4.4,0.0,284,4.3,4,6,8,37,36,33,25
SAT,NOV,2014,0,0,1,4.1,8.0,0.0,0,2.8,14,10,18,40,44,64,45
SUN,NOV,2014,0,0,1,2.7,8.0,0.0,0,2.5,3,3,10,17,11,25,14
MON,DEC,2014,0,0,0,3.1,8.0,0.3,0,3.2,1,2,8,19,11,23,15
TUE,DEC,2014,0,0,0,1.8,8.0,0.4,0,2.7,3,5,5,22,12,24,19
WED,DEC,2014,0,0,0,2.2,8.0,0.0,0,2.5,4,4,10,37,20,41,29
THU,DEC,2014,0,0,0,1.5,7.9,0.0,0,3.9,3,5,10,24,23,34,15
FRI,DEC,2014,0,0,0,1.6,8.0,0.1,0,3.0,3,4,9,38,29,30,29
SAT,DEC,2014,0,0,1,2.4,7.9,0.0,0,3.8,11,13,11,27,37,45,37
SUN,DEC,2014,0,0,1,2.1,7.4,0.0,0,2.9,2,3,10,25,12,20,7
MON,DEC,2014,0,0,0,1.7,6.2,0.0,32,4.0,0,2,7,19,20,20,19
TUE,DEC,2014,0,0,0,1.3,8.0,0.0,0,2.0,4,6,12,34,19,39,22
WED,DEC,2014,0,0,0,3.6,7.2,1.6,2,3.5,6,3,5,29,23,21,18
THU,DEC,2014,0,0,0,5.4,6.8,0.0,71,6.3,1,10,13,24,23,34,26
FRI,DEC,2014,0,0,0,6.0,7.5,0.0,76,9.3,8,7,11,35,20,26,27
SAT,DEC,2014,0,0,1,3.2,7.7,0.0,57,10.4,13,8,18,60,56,87,82
SUN,DEC,2014,0,0,1,1.4,8.0,0.9,0,8.1,2,1,3,21,10,21,12
MON,DEC,2014,0,0,0,1.5,5.6,0.0,44,6.9,0,4,9,22,20,25,19
TUE,DEC,2014,0,0,0,2.0,7.8,0.4,0,5.9,3,5,10,26,20,22,19
WED,DEC,2014,0,0,0,3.6,7.8,2.0,0,5.2,4,5,12,14,23,33,26
THU,DEC,2014,0,0,0,3.4,6.2,2.0,0,11.6,6,3,11,32,19,51,16
FRI,DEC,2014,0,0,0,4.9,7.4,4.6,0,10.5,7,4,16,34,20,43,28
SAT,DEC,2014,0,0,1,6.4,7.8,0.0,13,6.4,6,8,13,30,27,43,38
SUN,DEC,2014,0,0,1,3.5,6.9,0.0,149,6.3,3,2,9,21,10,14,5
MON,DEC,2014,0,0,0,2.1,6.3,0.0,106,7.6,6,3,8,33,36,56,32
TUE,DEC,2014,0,0,0,1.8,0.7,0.0,356,6.5,4,2,5,18,23,28,14
WED,DEC,2014,0,1,0,2.1,2.4,0.2,157,5.3,0,0,0,0,0,0,0
THU,DEC,2014,1,1,0,2.8,5.3,0.7,97,2.7,0,0,0,0,0,0,0
FRI,DEC,2014,1,1,1,3.1,4.8,2.3,43,3.1,0,0,0,0,0,0,0
SAT,DEC,2014,0,0,1,3.4,6.9,5.1,25,1.5,0,4,7,28,24,38,25
SUN,DEC,2014,0,0,1,3.4,3.0,0.1,50,-5.9,5,3,4,15,7,12,9
MON,DEC,2014,0,0,0,3.4,7.8,0.2,0,-3.0,6,4,12,29,14,37,30
TUE,DEC,2014,0,0,0,4.7,7.9,0.7,0,0.0,6,3,4,33,22,35,22
SAT,DEC,2014,0,1,1,4.5,6.5,0.3,130,3.0,0,0,0,0,0,0,0
THU,JAN,2015,1,0,0,2.1,8.0,0.0,0,1.0,2,5,2,5,20,18,11
FRI,JAN,2015,0,0,0,3.3,7.6,2.7,0,3.8,2,3,12,31,37,39,28
SAT,JAN,2015,0,0,1,3.5,6.9,13.0,0,4.1,8,0,7,43,33,36,31
SUN,JAN,2015,0,0,1,4.6,6.0,0.0,164,3.0,4,2,6,20,25,14,11
MON,JAN,2015,0,0,0,1.5,0.1,0.0,393,3.0,9,7,15,46,47,44,35
TUE,JAN,2015,1,0,0,1.8,4.8,0.0,319,1.9,2,7,10,24,18,28,17
WED,JAN,2015,0,0,0,1.8,6.3,0.0,81,2.2,4,6,16,26,26,23,15
THU,JAN,2015,0,0,0,5.4,7.8,0.2,0,8.2,2,2,6,24,13,23,12
FRI,JAN,2015,0,0,0,5.5,7.7,1.9,0,9.5,2,3,8,33,21,28,17
SAT,JAN,2015,0,0,1,7.2,6.7,0.9,157,13.4,8,12,17,47,34,52,50
SUN,JAN,2015,0,0,1,7.6,5.7,0.0,170,3.9,2,1,13,18,16,29,18
MON,JAN,2015,0,0,0,3.6,5.6,0.0,126,6.2,3,1,9,15,14,18,18
TUE,JAN,2015,0,0,0,4.0,3.4,0.0,393,12.4,2,1,11,17,27,28,23
WED,JAN,2015,0,0,0,4.9,4.8,3.7,39,5.2,7,4,10,32,24,28,20
THU,JAN,2015,0,0,0,4.0,7.5,0.0,0,8.6,5,7,8,27,22,32,21
FRI,JAN,2015,0,0,0,1.4,7.1,1.2,0,6.0,7,5,9,36,24,45,18
SAT,JAN,2015,0,0,1,2.1,7.1,1.5,0,3.2,9,12,12,31,31,56,27
SUN,JAN,2015,0,0,1,2.9,5.8,0.0,190,1.5,5,4,5,15,17,26,3
MON,JAN,2015,0,0,0,1.5,7.7,1.6,34,2.0,1,1,7,27,22,31,14
TUE,JAN,2015,0,0,0,1.8,7.2,1.0,0,-0.1,0,8,4,14,24,33,14
WED,JAN,2015,0,0,0,3.6,8.0,0.0,0,1.4,3,2,12,18,30,45,19
THU,JAN,2015,0,0,0,1.7,8.0,0.1,0,0.6,0,2,10,18,18,37,24
FRI,JAN,2015,0,0,0,2.3,7.8,0.0,0,0.8,2,7,8,26,19,29,32
SAT,JAN,2015,0,0,1,2.9,7.7,0.4,7,0.8,8,9,16,50,33,49,33
SUN,JAN,2015,0,0,1,3.0,7.6,0.0,19,1.6,5,7,6,20,17,26,18
MON,JAN,2015,0,0,0,3.1,5.7,3.8,0,0.9,0,6,4,17,19,24,14
TUE,JAN,2015,0,0,0,5.4,7.6,0.2,17,2.7,5,4,12,30,17,30,18
WED,JAN,2015,0,0,0,5.0,7.7,0.0,0,3.7,5,4,10,27,18,34,26
THU,JAN,2015,0,0,0,5.1,6.6,0.0,88,3.7,6,4,12,32,17,35,25
FRI,JAN,2015,0,0,0,3.4,3.9,5.5,236,1.4,6,2,12,29,23,46,27
SAT,JAN,2015,0,0,1,2.5,4.5,0.7,107,1.8,5,4,15,52,40,69,33
SUN,FEB,2015,0,0,1,3.3,7.4,1.0,42,1.1,3,3,4,26,14,23,13
MON,FEB,2015,0,0,0,4.4,3.9,0.1,72,0.5,5,1,6,13,12,15,16
TUE,FEB,2015,0,0,0,1.4,4.2,0.0,386,-0.6,7,2,8,29,11,18,16
WED,FEB,2015,0,0,0,1.4,8.0,0.0,0,-1.9,1,3,9,24,22,25,29
THU,FEB,2015,0,0,0,4.7,8.0,0.0,6,-1.2,1,3,11,24,20,21,16
FRI,FEB,2015,0,0,0,5.1,2.3,0.0,240,-0.7,5,3,13,43,18,31,16
SAT,FEB,2015,0,0,1,2.8,0.5,0.0,428,-1.7,7,6,6,35,34,55,30
SUN,FEB,2015,0,0,1,5.0,4.4,0.1,156,1.1,1,3,8,17,9,25,18
MON,FEB,2015,0,0,0,4.2,7.9,0.2,1,2.3,2,2,7,29,18,18,18
TUE,FEB,2015,0,0,0,1.8,8.0,0.0,0,3.3,1,6,12,31,14,26,10
WED,FEB,2015,0,0,0,2.8,0.8,0.0,365,3.2,3,7,15,32,20,41,13
THU,FEB,2015,0,0,0,1.9,0.2,0.0,443,3.2,2,4,9,24,18,50,19
FRI,FEB,2015,0,0,0,1.8,0.8,0.0,422,4.4,3,4,6,24,21,26,23
SAT,FEB,2015,0,0,1,2.5,2.5,0.0,337,4.5,4,11,18,80,34,88,59
SUN,FEB,2015,0,0,1,3.1,5.5,0.0,229,0.4,3,5,7,22,20,19,19
MON,FEB,2015,0,0,0,2.4,2.2,0.0,254,0.8,8,3,10,20,16,36,20
TUE,FEB,2015,0,0,0,2.7,8.0,0.0,0,-0.3,5,1,5,20,21,19,11
WED,FEB,2015,0,0,0,2.9,8.0,0.0,0,0.7,6,3,8,32,23,45,31
THU,FEB,2015,0,0,0,2.0,2.6,0.0,256,0.7,2,0,6,30,12,33,21
FRI,FEB,2015,0,0,0,4.0,0.2,0.0,458,9.7,5,6,22,50,28,57,32
SAT,FEB,2015,0,0,1,4.0,6.8,0.1,15,4.9,8,1,30,50,24,55,30
SUN,FEB,2015,0,0,1,1.8,5.9,1.0,218,3.9,0,11,10,18,14,22,17
MON,FEB,2015,0,0,0,3.4,5.6,0.6,9,5.1,3,2,7,16,8,24,16
TUE,FEB,2015,0,0,0,3.1,7.3,0.0,11,5.0,5,6,9,30,13,35,19
WED,FEB,2015,0,0,0,2.2,1.8,0.0,262,5.7,2,5,6,28,14,19,13
THU,FEB,2015,0,0,0,4.0,0.5,0.0,468,7.2,2,6,4,32,23,41,25
FRI,FEB,2015,0,0,0,4.1,7.8,6.4,0,2.8,6,8,6,24,16,25,23
SAT,FEB,2015,0,0,1,2.6,4.9,0.0,205,5.0,6,9,14,48,32,79,36
SUN,MAR,2015,0,0,1,3.7,7.7,0.0,31,8.8,1,6,8,22,10,24,26
MON,MAR,2015,0,0,0,6.9,6.7,2.2,48,5.4,6,5,1,26,11,19,26
TUE,MAR,2015,0,0,0,4.2,4.9,0.0,299,8.9,4,10,16,29,22,24,36
WED,MAR,2015,0,0,0,4.6,4.5,0.0,306,5.2,6,4,11,21,19,33,13
THU,MAR,2015,0,0,0,4.0,6.9,0.0,170,4.9,5,3,9,22,11,27,27
FRI,MAR,2015,0,0,0,1.8,1.4,0.0,405,6.6,3,5,18,46,22,35,38
SAT,MAR,2015,0,0,1,2.7,2.5,0.0,316,8.6,11,7,26,64,39,83,41
SUN,MAR,2015,0,0,1,2.0,0.4,0.0,566,10.9,7,2,8,30,20,27,15
MON,MAR,2015,0,0,0,1.8,0.0,0.0,483,12.5,2,4,6,22,21,21,18
TUE,MAR,2015,0,0,0,3.2,7.8,0.2,108,10.3,2,5,14,31,20,29,19
WED,MAR,2015,0,0,0,2.8,0.6,0.0,483,7.0,6,5,14,28,24,38,29
THU,MAR,2015,0,0,0,2.9,2.8,0.0,258,7.1,4,5,9,31,15,33,30
FRI,MAR,2015,0,0,0,4.4,6.0,0.0,85,5.5,10,10,16,37,26,49,33
SAT,MAR,2015,0,0,1,2.4,7.6,0.0,0,4.8,12,16,17,55,43,60,46
SUN,MAR,2015,0,0,1,3.1,2.8,0.0,348,6.9,2,5,9,26,13,28,19
MON,MAR,2015,0,0,0,1.9,2.3,0.0,470,12.9,4,8,12,27,23,33,21
TUE,MAR,2015,0,0,0,2.1,4.0,0.0,430,15.6,3,1,12,24,15,28,17
WED,MAR,2015,0,0,0,2.5,0.8,0.0,475,14.2,5,5,19,41,8,40,16
THU,MAR,2015,0,0,0,2.1,1.0,0.0,468,13.1,5,7,9,28,19,41,18
FRI,MAR,2015,0,0,0,1.9,0.6,0.0,494,11.9,7,5,5,39,32,47,21
SAT,MAR,2015,0,0,1,4.5,7.0,0.0,136,7.6,8,17,13,60,32,56,21
SUN,MAR,2015,0,0,1,4.6,7.9,0.0,30,7.1,2,2,8,18,23,30,17
MON,MAR,2015,0,0,0,2.1,4.0,0.0,161,7.2,2,4,10,19,21,26,18
TUE,MAR,2015,0,0,0,2.4,3.1,0.3,435,12.6,3,3,12,26,17,22,27
WED,MAR,2015,0,0,0,6.1,3.9,0.0,356,12.0,4,4,15,36,24,36,23
THU,MAR,2015,0,0,0,3.3,7.6,0.4,0,7.1,4,4,12,37,10,31,19
FRI,MAR,2015,0,0,0,5.5,7.2,0.0,95,8.8,6,4,18,35,36,55,22
SAT,MAR,2015,0,0,1,3.1,5.2,0.0,311,10.6,9,7,22,66,34,71,55
SUN,MAR,2015,0,0,1,5.8,7.5,0.4,0,11.1,1,1,8,29,20,24,21
MON,MAR,2015,0,0,0,7.6,5.8,2.6,102,8.4,3,2,16,31,14,29,16
TUE,MAR,2015,0,0,0,11.4,6.7,2.2,83,9.6,2,13,16,55,34,39,28
WED,APR,2015,0,0,0,8.1,4.8,0.3,381,5.6,4,1,10,41,19,32,19
THU,APR,2015,0,0,0,6.5,5.1,3.7,122,6.0,5,3,17,25,22,37,22
FRI,APR,2015,1,0,0,2.0,4.7,0.0,422,9.2,1,2,10,11,11,20,12
SAT,APR,2015,0,0,1,2.6,7.0,4.8,0,3.9,2,7,15,62,17,46,21
SUN,APR,2015,0,0,1,3.3,4.1,0.0,501,6.2,1,4,4,11,3,18,6
MON,APR,2015,1,0,0,2.7,6.0,0.0,101,6.4,5,1,9,21,14,34,16
TUE,APR,2015,0,0,0,1.6,0.2,0.0,586,8.9,5,6,15,35,19,23,28
WED,APR,2015,0,0,0,2.1,0.3,0.0,558,12.4,4,7,12,35,19,34,27
THU,APR,2015,0,0,0,1.9,0.8,0.0,565,15.8,4,3,14,27,23,36,22
FRI,APR,2015,0,0,0,1.6,2.5,0.0,561,18.7,4,10,17,40,25,41,32
SAT,APR,2015,0,0,1,4.2,7.4,0.1,48,14.6,5,8,18,69,47,62,32
SUN,APR,2015,0,0,1,1.9,4.4,0.0,354,15.4,2,3,7,20,9,25,22
MON,APR,2015,0,0,0,5.0,3.8,0.0,373,15.8,6,3,5,16,18,26,10
TUE,APR,2015,0,0,0,3.6,1.2,0.0,599,18.1,6,3,8,22,17,28,15
WED,APR,2015,0,0,0,2.7,1.2,0.0,538,22.4,1,3,18,17,14,32,20
THU,APR,2015,0,0,0,2.0,5.8,0.0,241,20.6,5,3,3,31,24,35,18
FRI,APR,2015,0,0,0,5.0,7.3,0.0,130,13.1,10,4,25,43,26,57,32
SAT,APR,2015,0,0,1,3.5,1.5,0.0,536,10.3,5,2,10,42,26,51,41
SUN,APR,2015,0,0,1,3.9,0.4,0.0,735,13.5,1,1,7,16,14,30,9
MON,APR,2015,0,0,0,2.7,0.8,0.0,609,16.0,2,3,8,27,13,25,14
TUE,APR,2015,0,0,0,2.0,1.6,0.0,611,18.5,2,5,17,24,16,18,17
WED,APR,2015,0,0,0,4.5,1.6,0.0,605,15.0,0,12,9,28,22,37,19
THU,APR,2015,0,0,0,2.4,0.2,0.0,615,12.7,1,3,11,31,20,25,20
FRI,APR,2015,0,0,0,2.2,1.9,0.0,565,17.6,6,5,15,47,18,49,26
SAT,APR,2015,0,0,1,2.7,7.2,1.3,2,14.5,12,4,18,59,21,45,42
SUN,APR,2015,0,0,1,1.9,5.2,4.5,395,17.8,1,3,14,20,5,25,15
MON,APR,2015,0,0,0,4.4,6.8,3.3,202,16.2,4,1,14,23,16,33,18
TUE,APR,2015,0,0,0,5.0,5.1,0.0,247,10.0,4,3,17,33,22,23,27
WED,APR,2015,0,0,0,3.4,3.7,0.0,511,14.1,3,7,14,40,19,35,13
THU,APR,2015,0,0,0,3.7,6.6,0.0,122,13.8,4,3,12,31,14,45,16
FRI,MAY,2015,1,0,0,1.8,7.8,7.3,0,9.3,6,4,11,28,13,37,27
SAT,MAY,2015,0,0,1,1.4,7.5,0.0,7,12.7,14,15,22,70,35,63,44
SUN,MAY,2015,0,0,1,2.0,7.6,4.4,0,15.6,1,4,6,23,15,21,24
MON,MAY,2015,0,0,0,4.2,4.7,0.0,494,21.1,3,2,10,20,17,25,20
TUE,MAY,2015,0,0,0,3.7,7.7,0.1,9,19.9,4,4,8,35,24,29,17
WED,MAY,2015,0,0,0,3.4,6.5,0.0,228,16.9,4,6,9,18,22,44,22
THU,MAY,2015,0,0,0,3.7,2.9,0.0,499,15.2,6,4,6,31,16,42,25
FRI,MAY,2015,0,0,0,2.8,3.0,0.0,481,20.0,5,6,9,29,16,44,30
SAT,MAY,2015,0,0,1,4.8,5.1,1.1,344,17.7,5,6,15,41,24,50,22
SUN,MAY,2015,0,0,1,3.4,2.6,0.0,539,17.9,2,4,9,28,8,31,14
MON,MAY,2015,0,0,0,2.7,2.8,0.0,586,23.6,2,5,8,31,14,32,18
TUE,MAY,2015,0,0,0,4.0,2.7,0.0,460,26.8,4,1,6,19,11,33,19
WED,MAY,2015,0,0,0,2.4,3.2,0.9,523,20.4,3,5,19,31,16,37,25
THU,MAY,2015,1,0,0,1.9,7.1,0.0,158,17.4,2,6,10,25,25,27,19
FRI,MAY,2015,0,0,0,3.7,5.2,0.5,245,13.5,5,9,19,50,15,61,27
SAT,MAY,2015,0,0,1,4.6,5.7,0.0,331,17.1,2,5,19,46,15,46,29
SUN,MAY,2015,0,0,1,3.3,3.1,0.0,546,16.0,1,5,7,21,11,28,23
MON,MAY,2015,0,0,0,2.5,2.8,0.0,577,20.3,2,3,7,28,13,16,18
TUE,MAY,2015,0,0,0,4.4,7.1,0.0,59,13.9,2,4,8,31,24,33,22
WED,MAY,2015,0,0,0,3.3,6.0,2.4,140,10.7,3,7,8,31,17,19,14
THU,MAY,2015,0,0,0,3.9,2.8,0.0,487,14.2,3,6,15,34,25,27,18
FRI,MAY,2015,0,0,0,3.1,2.7,0.0,519,16.7,3,0,14,37,18,42,1
SAT,MAY,2015,0,0,1,3.2,6.6,0.0,188,17.5,4,4,12,40,20,32,26
SUN,MAY,2015,0,0,1,2.4,7.9,0.0,87,17.5,4,6,14,27,15,25,23
MON,MAY,2015,1,0,0,3.5,6.7,7.3,61,15.2,1,4,4,22,5,30,16
TUE,MAY,2015,0,0,0,4.0,7.6,0.2,24,12.8,4,5,13,33,30,46,25
WED,MAY,2015,0,0,0,3.0,6.1,0.0,123,12.9,5,8,18,3,29,35,43
THU,MAY,2015,0,0,0,2.9,3.6,0.0,490,19.0,1,5,17,24,23,38,20
FRI,MAY,2015,0,0,0,2.8,6.8,0.7,216,17.6,8,5,13,42,32,56,26
SAT,MAY,2015,0,0,1,4.6,6.5,1.0,183,14.0,11,6,18,49,29,51,45
SUN,MAY,2015,0,0,1,2.5,6.1,0.0,407,19.3,1,1,10,24,13,17,26
MON,JUN,2015,0,0,0,3.8,6.3,0.0,134,16.7,6,3,12,36,23,53,24
TUE,JUN,2015,0,0,0,3.8,4.6,0.0,344,23.3,4,2,8,37,12,33,25
WED,JUN,2015,0,0,0,4.4,2.5,0.0,577,23.6,7,2,13,48,31,43,26
THU,JUN,2015,1,0,0,2.1,0.6,0.0,670,25.1,1,5,14,33,15,40,21
FRI,JUN,2015,0,0,0,3.3,1.3,0.0,658,30.0,3,14,1,51,23,70,31
SAT,JUN,2015,0,0,1,3.7,3.8,0.0,425,27.2,3,3,11,46,12,50,32
SUN,JUN,2015,0,0,1,3.0,2.2,0.0,612,24.2,1,0,7,21,3,19,11
MON,JUN,2015,0,0,0,3.2,7.9,5.0,3,14.0,2,4,7,14,20,34,12
TUE,JUN,2015,0,0,0,3.4,7.9,0.0,0,14.0,3,3,13,28,26,49,17
WED,JUN,2015,0,0,0,2.3,8.0,0.0,0,17.1,6,4,12,21,16,38,18
THU,JUN,2015,0,0,0,2.2,4.5,0.0,394,22.7,0,6,9,34,14,31,17
FRI,JUN,2015,0,0,0,2.7,4.2,0.0,334,25.4,7,7,14,19,15,37,17
SAT,JUN,2015,0,0,1,4.2,3.2,0.0,467,21.9,6,6,16,40,28,39,26
SUN,JUN,2015,0,0,1,2.6,3.3,0.0,707,23.3,1,3,10,20,10,14,8
MON,JUN,2015,0,0,0,2.9,6.7,0.0,63,20.7,0,3,16,29,20,36,11
TUE,JUN,2015,0,0,0,3.4,7.3,0.0,73,19.4,2,6,14,31,25,42,30
WED,JUN,2015,0,0,0,2.6,4.2,0.0,495,18.8,2,3,8,93,16,41,17
THU,JUN,2015,0,0,0,3.1,7.8,8.2,1,15.5,3,3,6,26,13,43,21
FRI,JUN,2015,0,0,0,4.2,7.4,0.0,91,14.3,5,5,17,37,22,62,24
SAT,JUN,2015,0,0,1,3.6,7.7,0.0,13,13.0,5,8,18,49,19,55,39
SUN,JUN,2015,0,0,1,2.3,7.4,4.7,93,16.6,2,3,4,23,18,33,22
MON,JUN,2015,0,0,0,3.9,6.8,1.0,0,15.0,3,4,12,23,14,30,15
TUE,JUN,2015,0,0,0,4.9,6.2,4.8,242,13.3,4,5,14,27,18,30,22
WED,JUN,2015,0,0,0,2.1,3.3,0.0,510,17.9,6,3,14,22,8,38,24
THU,JUN,2015,0,0,0,2.4,4.4,0.0,528,22.0,3,5,15,22,16,27,5
FRI,JUN,2015,0,0,0,2.5,4.2,0.0,466,24.3,2,7,8,19,16,33,16
SAT,JUN,2015,0,0,1,4.4,4.9,1.8,313,20.6,10,4,19,36,32,54,22
SUN,JUN,2015,0,0,1,2.1,4.9,0.0,551,21.3,4,1,6,17,3,25,11
MON,JUN,2015,0,0,0,2.4,3.5,0.0,424,25.3,2,2,11,23,10,25,14
TUE,JUN,2015,0,0,0,2.1,0.7,0.0,681,27.5,1,3,13,26,12,21,9
WED,JUL,2015,0,0,0,3.5,1.1,0.0,674,30.3,8,1,13,30,13,29,25
THU,JUL,2015,0,0,0,3.0,0.8,0.0,618,32.4,6,4,8,27,16,31,19
FRI,JUL,2015,0,0,0,2.1,2.7,0.0,335,31.6,8,8,13,26,13,48,27
SAT,JUL,2015,0,0,1,2.4,0.8,0.0,647,33.3,2,3,7,24,18,40,12
SUN,JUL,2015,0,0,1,3.2,1.1,0.0,728,34.1,3,1,5,10,7,6,7
MON,JUL,2015,0,0,0,2.2,1.5,0.0,653,26.9,5,2,7,31,15,17,15
TUE,JUL,2015,0,0,0,3.5,3.2,0.0,467,32.4,5,5,6,29,16,31,13
WED,JUL,2015,0,0,0,7.4,4.7,0.0,477,20.6,5,3,9,31,25,49,27
THU,JUL,2015,0,0,0,5.0,7.1,0.0,118,18.2,7,2,8,23,11,40,18
FRI,JUL,2015,0,0,0,2.1,1.2,0.0,683,22.1,5,6,9,37,27,36,24
SAT,JUL,2015,0,0,1,4.9,1.2,0.0,656,28.1,4,2,14,34,18,28,20
SUN,JUL,2015,0,0,1,5.3,3.9,0.0,469,24.3,0,2,5,20,6,13,11
MON,JUL,2015,0,0,0,4.0,7.7,0.0,16,21.1,5,3,12,27,13,29,15
TUE,JUL,2015,0,0,0,5.5,4.6,0.0,379,25.0,6,1,3,31,11,41,22
WED,JUL,2015,0,0,0,2.0,3.8,0.0,475,26.8,5,5,17,28,23,32,19
THU,JUL,2015,0,0,0,2.2,1.1,0.0,654,30.4,1,4,7,35,13,45,15
FRI,JUL,2015,0,0,0,3.3,1.3,0.8,562,30.8,2,8,21,24,11,31,14
SAT,JUL,2015,0,0,1,2.7,4.6,0.1,241,26.0,1,2,17,30,14,41,13
SUN,JUL,2015,0,0,1,4.2,6.9,6.2,113,24.1,0,1,15,24,11,19,19
MON,JUL,2015,0,0,0,2.4,6.7,0.0,240,26.7,3,1,12,19,13,30,12
TUE,JUL,2015,0,0,0,2.6,2.7,0.0,613,29.5,5,5,16,28,24,31,21
WED,JUL,2015,0,0,0,3.4,5.9,1.2,298,28.4,4,6,13,31,12,39,23
THU,JUL,2015,0,0,0,2.2,7.2,0.0,127,23.8,5,4,14,29,26,43,9
FRI,JUL,2015,0,0,0,3.2,2.4,0.0,525,28.7,7,5,11,32,19,42,23
SAT,JUL,2015,0,0,1,8.1,3.5,0.0,395,19.5,5,8,15,54,20,55,33
SUN,JUL,2015,0,0,1,3.0,5.1,0.2,421,20.0,5,2,8,21,13,29,11
MON,JUL,2015,0,0,0,6.2,6.8,0.0,199,21.0,1,4,18,25,18,32,22
TUE,JUL,2015,0,0,0,4.9,7.1,0.0,104,19.6,2,2,22,39,25,42,17
WED,JUL,2015,0,0,0,3.7,5.3,0.9,220,15.8,4,2,16,34,19,28,24
THU,JUL,2015,0,0,0,3.0,7.5,0.0,122,18.4,5,4,10,31,18,39,15
FRI,JUL,2015,0,0,0,2.5,2.9,0.0,581,21.6,1,5,7,39,27,50,1
SAT,AUG,2015,0,0,1,2.0,7.0,0.1,61,21.2,7,0,15,50,39,43,2
SUN,AUG,2015,0,0,1,2.0,1.8,0.0,655,25.4,2,7,5,16,4,19,4
MON,AUG,2015,0,0,0,2.8,1.2,0.0,645,30.0,4,6,14,27,18,32,19
TUE,AUG,2015,0,0,0,4.8,5.5,0.0,167,23.7,7,10,9,28,24,52,25
WED,AUG,2015,0,0,0,2.6,2.2,0.0,591,27.4,2,5,5,29,20,34,22
THU,AUG,2015,0,0,0,3.6,3.2,0.0,521,32.8,3,4,9,25,14,35,14
FRI,AUG,2015,0,0,0,2.7,2.6,0.0,486,34.9,0,5,7,38,13,21,21
SAT,AUG,2015,0,0,1,4.5,1.6,0.0,565,30.1,3,2,4,22,16,19,16
SUN,AUG,2015,0,0,1,4.2,5.5,6.3,340,26.8,2,6,16,30,21,29,8
MON,AUG,2015,0,0,0,3.0,4.0,0.0,214,24.8,3,4,11,29,29,20,14
TUE,AUG,2015,0,0,0,2.6,1.7,0.0,550,26.5,5,1,6,21,26,38,15
WED,AUG,2015,0,0,0,2.2,1.0,0.0,488,29.7,4,4,16,36,11,31,26
THU,AUG,2015,0,0,0,2.2,1.8,0.0,492,32.0,1,2,10,43,24,35,9
FRI,AUG,2015,0,0,0,2.4,5.4,37.4,198,23.3,2,3,13,27,24,33,21
SAT,AUG,2015,0,0,1,3.9,7.4,0.0,153,20.7,4,5,10,31,34,49,31
SUN,AUG,2015,0,0,1,3.9,7.7,4.7,6,16.1,6,1,6,21,24,30,18
MON,AUG,2015,0,0,0,3.4,6.8,0.0,35,16.8,2,14,10,31,30,38,15
TUE,AUG,2015,0,0,0,2.4,4.2,0.0,326,18.8,5,4,7,23,29,34,22
WED,AUG,2015,0,0,0,2.5,7.8,1.0,74,17.6,3,3,19,56,24,36,19
THU,AUG,2015,0,0,0,1.6,6.2,0.0,211,19.2,3,5,6,42,30,44,23
FRI,AUG,2015,0,0,0,1.9,1.8,0.0,566,22.0,5,4,11,30,36,36,19
SAT,AUG,2015,0,0,1,2.9,2.8,0.0,543,23.0,4,8,8,37,35,31,21
SUN,AUG,2015,0,0,1,3.1,5.9,2.8,402,20.6,2,0,7,15,4,9,8
MON,AUG,2015,0,0,0,3.0,6.0,12.9,59,18.5,4,1,9,27,15,23,17
TUE,AUG,2015,0,0,0,2.6,3.3,0.0,585,19.7,1,5,11,33,30,22,17
WED,AUG,2015,0,0,0,3.5,2.2,0.0,590,24.4,5,2,8,39,25,24,16
THU,AUG,2015,0,0,0,3.6,1.8,0.0,538,28.9,3,5,8,27,14,13,19
FRI,AUG,2015,0,0,0,2.4,6.8,0.0,57,23.4,5,3,8,30,36,28,24
SAT,AUG,2015,0,0,1,2.2,1.1,0.0,589,28.4,2,4,18,21,25,45,33
SUN,AUG,2015,0,0,1,1.9,2.1,0.0,630,29.1,3,1,1,2,19,16,12
MON,AUG,2015,0,0,0,2.6,1.5,0.0,581,30.6,1,2,9,0,34,27,29
TUE,SEP,2015,0,0,0,4.4,7.3,10.4,54,19.9,4,3,10,42,29,31,12
WED,SEP,2015,0,0,0,1.7,7.2,0.0,236,18.3,4,6,11,31,31,23,17
THU,SEP,2015,0,0,0,2.6,6.1,0.0,222,18.1,0,2,9,27,25,22,27
FRI,SEP,2015,0,0,0,3.5,4.5,0.0,362,16.9,3,2,9,26,22,24,18
SAT,SEP,2015,0,0,1,5.0,6.4,0.0,238,14.9,5,2,5,38,46,40,25
SUN,SEP,2015,0,0,1,4.3,5.6,0.0,192,12.7,1,1,4,5,20,27,12
MON,SEP,2015,0,0,0,3.3,7.7,0.0,60,13.8,2,4,9,24,19,29,14
TUE,SEP,2015,0,0,0,2.4,5.8,0.0,296,16.8,1,4,8,46,27,31,13
WED,SEP,2015,0,0,0,2.9,2.9,0.0,463,17.4,5,5,12,30,39,30,15
THU,SEP,2015,0,0,0,3.4,3.8,0.0,320,16.5,4,4,8,32,31,30,19
FRI,SEP,2015,0,0,0,1.8,2.7,0.0,516,17.7,5,3,10,26,20,33,15
SAT,SEP,2015,0,0,1,2.9,6.3,0.0,326,23.1,5,7,11,42,36,51,25
SUN,SEP,2015,0,0,1,1.6,5.1,0.1,167,19.9,1,2,7,28,17,16,13
MON,SEP,2015,0,0,0,3.7,6.4,0.1,208,18.4,3,3,6,22,28,35,11
TUE,SEP,2015,0,0,0,3.1,7.0,0.0,82,17.3,7,3,8,34,20,30,20
WED,SEP,2015,0,0,0,3.0,7.6,0.5,4,18.0,4,6,6,24,28,36,14
THU,SEP,2015,0,0,0,3.2,4.7,3.0,61,14.0,3,3,6,34,34,41,18
FRI,SEP,2015,0,0,0,1.9,4.8,6.5,88,15.1,5,7,11,20,23,34,21
SAT,SEP,2015,0,0,1,2.5,7.4,0.0,88,15.2,5,8,11,35,19,48,23
SUN,SEP,2015,0,0,1,2.8,4.6,0.0,158,13.9,0,2,5,28,11,31,9
MON,SEP,2015,0,0,0,2.1,1.7,0.0,525,17.0,5,8,9,29,18,29,18
TUE,SEP,2015,0,0,0,3.1,7.0,1.6,24,14.8,3,4,9,24,13,20,20
WED,SEP,2015,0,0,0,3.3,7.7,0.1,19,12.4,2,3,5,21,16,29,17
THU,SEP,2015,0,0,0,1.8,3.8,0.0,325,15.5,3,6,8,24,30,30,24
FRI,SEP,2015,0,0,0,2.1,5.0,0.0,334,15.6,4,7,4,23,26,43,20
SAT,SEP,2015,0,0,1,3.0,7.2,0.0,106,15.2,10,8,0,42,21,49,16
SUN,SEP,2015,0,0,1,3.5,4.4,0.0,284,14.7,2,6,5,15,14,24,16
MON,SEP,2015,0,0,0,4.2,4.3,0.0,217,13.8,2,3,8,37,15,22,24
TUE,SEP,2015,0,0,0,6.6,3.0,0.0,441,15.1,3,3,9,30,18,30,18
WED,SEP,2015,0,0,0,5.4,0.5,0.0,539,14.4,0,4,14,29,29,29,22
THU,OCT,2015,0,0,0,3.2,0.4,0.0,538,14.7,2,5,7,21,23,25,16
FRI,OCT,2015,0,0,0,2.3,2.9,0.0,469,16.9,7,4,12,43,30,28,17
SAT,OCT,2015,1,0,1,1.8,3.0,0.0,478,17.4,0,4,10,36,40,51,22
SUN,OCT,2015,0,0,1,1.7,5.7,6.0,72,12.8,4,4,6,22,13,22,9
MON,OCT,2015,0,0,0,2.6,7.3,0.2,117,16.2,2,7,9,31,24,31,18
TUE,OCT,2015,0,0,0,2.2,7.3,1.9,6,17.0,1,1,7,24,29,28,11
WED,OCT,2015,0,0,0,3.8,6.9,0.0,129,15.0,7,4,14,31,37,30,39
THU,OCT,2015,0,0,0,2.2,6.8,0.0,142,13.7,3,5,6,37,23,22,20
FRI,OCT,2015,0,0,0,2.0,7.2,0.0,131,14.2,5,4,12,35,37,57,16
SAT,OCT,2015,0,0,1,2.4,7.3,0.0,38,11.9,3,1,18,61,44,53,33
SUN,OCT,2015,0,0,1,2.7,5.6,0.0,226,11.8,3,6,7,38,27,40,25
MON,OCT,2015,0,0,0,2.5,4.7,0.0,372,10.5,4,3,4,30,27,34,4
TUE,OCT,2015,0,0,0,2.2,7.8,0.0,10,8.7,3,4,9,36,35,35,2
WED,OCT,2015,0,0,0,2.3,7.7,0.0,26,5.0,3,6,8,35,19,42,12
THU,OCT,2015,0,0,0,3.1,7.9,0.0,0,4.4,3,3,11,29,24,36,20
FRI,OCT,2015,0,0,0,2.2,8.0,0.2,0,5.7,3,5,6,55,35,39,21
SAT,OCT,2015,0,0,1,1.5,7.6,0.6,0,6.9,5,7,19,76,58,52,46
SUN,OCT,2015,0,0,1,1.3,7.9,0.0,0,7.0,0,2,5,15,29,16,21
MON,OCT,2015,0,0,0,1.3,7.2,0.0,100,8.3,6,4,10,47,21,31,6
TUE,OCT,2015,0,0,0,1.6,7.9,0.2,0,7.8,0,2,2,33,19,22,13
WED,OCT,2015,0,0,0,1.4,6.8,0.0,117,10.2,4,5,6,34,29,26,13
THU,OCT,2015,0,0,0,2.1,7.8,0.1,32,11.0,3,4,11,32,30,45,14
FRI,OCT,2015,0,0,0,1.4,7.9,0.0,0,11.7,5,7,10,33,56,33,32
SAT,OCT,2015,0,0,1,2.2,4.3,0.0,306,14.7,1,7,6,50,37,47,39
SUN,OCT,2015,0,0,1,2.2,7.2,0.0,28,12.4,4,3,10,28,26,27,13
MON,OCT,2015,0,0,0,3.2,1.3,0.0,405,11.0,1,2,5,27,19,28,16
TUE,OCT,2015,0,0,0,2.2,3.7,0.0,103,8.3,4,4,4,35,27,26,13
WED,OCT,2015,0,0,0,1.9,4.6,0.0,120,9.0,2,3,9,34,28,34,21
THU,OCT,2015,0,0,0,1.8,7.7,0.0,2,11.8,4,4,9,34,16,25,20
FRI,OCT,2015,0,0,0,3.9,8.0,0.0,0,10.4,3,6,17,39,21,30,30
SAT,OCT,2015,0,0,1,2.9,3.8,0.0,52,9.0,6,2,13,64,51,31,57
SUN,NOV,2015,1,0,1,1.4,5.7,0.0,136,6.0,3,0,11,50,30,1,21
MON,NOV,2015,0,0,0,1.1,8.0,0.0,0,4.4,2,1,13,26,38,1,28
TUE,NOV,2015,0,0,0,1.6,8.0,0.0,0,3.5,2,0,8,47,30,32,32
WED,NOV,2015,0,0,0,1.8,2.2,0.0,362,14.6,2,1,13,38,31,14,38
THU,NOV,2015,0,0,0,1.8,0.7,0.0,405,14.7,1,8,11,47,32,42,24
FRI,NOV,2015,0,0,0,1.9,6.9,0.0,44,16.0,3,6,9,50,40,44,32
SAT,NOV,2015,0,0,1,1.9,5.6,0.0,46,17.3,0,2,2,45,25,6,20
